<?xml version="1.0" encoding="UTF-8"?>
<beans xmlns="http://www.springframework.org/schema/beans"
	xmlns:xsi="http://www.w3.org/2001/XMLSchema-instance"
	xmlns:context="http://www.springframework.org/schema/context"
	xmlns:mvc="http://www.springframework.org/schema/mvc"
	xsi:schemaLocation="http://www.springframework.org/schema/beans http://www.springframework.org/schema/beans/spring-beans.xsd
		http://www.springframework.org/schema/context http://www.springframework.org/schema/context/spring-context-4.0.xsd
		http://www.springframework.org/schema/mvc http://www.springframework.org/schema/mvc/spring-mvc-4.0.xsd">

	<!--
	 1、声明处理器映射器
	  目的：选择哪一个处理器来处理当前请求
	-->
    <bean class="org.springframework.web.servlet.handler.BeanNameUrlHandlerMapping"></bean>

	<!--
	  2、声明处理器适配器
	  目的：调用处理器的处理请求的方法
	-->
	<bean  class="org.springframework.web.servlet.mvc.SimpleControllerHandlerAdapter"> </bean>

	<!--
	  3、配置视图解析器
	  目的：处理视图信息
	-->
	<bean class="org.springframework.web.servlet.view.InternalResourceViewResolver">
		<property name="prefix" value="/WEB-INF/views/"></property>
		<property name="suffix" value=".jsp"></property>
	</bean>

	<!--
	  4、声明处理器
	-->
	<bean name="/helloworld" class="com.baiqi.springmvc.HelloController"> </bean>


	<mvc:interceptors>
		<mvc:interceptor>
			<!-- 指定拦截的地址 -->
			<!-- http://127.0.0.1:8080/项目名/addToCar.action -->
			<mvc:mapping path="/helloworld"/>
			<!-- 声明拦截器的信息 -->
			<bean class="com.baiqi.interceptor.LoginFilter"></bean>
		</mvc:interceptor>

		<mvc:interceptor>
			<!-- 指定拦截的地址 -->
			<!-- http://127.0.0.1:8080/项目名/addToCar.action -->
			<mvc:mapping path="/helloworld"/>
			<!-- 声明拦截器的信息 -->
			<bean class="com.baiqi.interceptor.LoginFilter2"></bean>
		</mvc:interceptor>
	</mvc:interceptors>
</beans>
